Location ID;Location;Shippment_ID
1;Kentucky;1
2;Maine;2
3;Massachusetts;3
4;Rhode Island;4
5;Oregon;5
6;Wyoming;6
7;Montana;7
8;Louisiana;8
9;West Virginia;9
10;Missouri;10
11;Arkansas;11
12;Hawaii;12
13;Delaware;13
14;New Hampshire;14
15;New York;15
16;Rhode Island;16
17;Alabama;17
18;Mississippi;18
19;Montana;19
20;Rhode Island;20
21;Louisiana;21
22;North Carolina;22
23;California;23
24;Oklahoma;24
25;Florida;25
26;Texas;26
27;Nevada;27
28;Kentucky;28
29;North Carolina;29
30;Wyoming;30
31;North Carolina;31
32;West Virginia;32
33;Kansas;33
34;Colorado;34
35;North Dakota;35
36;Massachusetts;36
37;Illinois;37
38;Indiana;38
39;Florida;39
40;Arizona;40
41;Louisiana;41
42;Alaska;42
43;Tennessee;43
44;Ohio;44
45;Kentucky;45
46;Tennessee;46
47;California;47
48;Montana;48
49;Nevada;49
50;New Jersey;50
51;Maryland;51
52;Vermont;52
53;Alaska;53
54;Mississippi;54
55;New Mexico;55
56;South Carolina;56
57;Mississippi;57
58;West Virginia;58
59;Missouri;59
60;Louisiana;60
61;Idaho;61
62;Texas;62
63;Mississippi;63
64;Arizona;64
65;Alabama;65
66;New Jersey;66
67;Pennsylvania;67
68;Connecticut;68
69;Utah;69
70;Tennessee;70
71;Alabama;71
72;Virginia;72
73;Georgia;73
74;Hawaii;74
75;Indiana;75
76;Utah;76
77;Delaware;77
78;Delaware;78
79;Nebraska;79
80;Iowa;80
81;New York;81
82;Virginia;82
83;Georgia;83
84;Texas;84
85;Arizona;85
86;New Mexico;86
87;Nevada;87
88;Ohio;88
89;Wyoming;89
90;California;90
91;South Carolina;91
92;South Carolina;92
93;Texas;93
94;Florida;94
95;Nevada;95
96;Missouri;96
97;Delaware;97
98;Virginia;98
99;New York;99
100;Missouri;100
101;South Dakota;101
102;North Dakota;102
103;Oklahoma;103
104;West Virginia;104
105;New Hampshire;105
106;New York;106
107;Minnesota;107
108;Maryland;108
109;Montana;109
110;Alabama;110
111;New York;111
112;Massachusetts;112
113;Florida;113
114;New Jersey;114
115;Massachusetts;115
116;Wyoming;116
117;Virginia;117
118;South Dakota;118
119;Kentucky;119
120;Wyoming;120
121;West Virginia;121
122;Virginia;122
123;Washington;123
124;Louisiana;124
125;Nevada;125
126;California;126
127;Mississippi;127
128;Mississippi;128
129;California;129
130;Pennsylvania;130
131;Kentucky;131
132;Maine;132
133;New Mexico;133
134;Montana;134
135;Texas;135
136;Kansas;136
137;South Carolina;137
138;Colorado;138
139;Georgia;139
140;Florida;140
141;North Carolina;141
142;Virginia;142
143;Nebraska;143
144;Missouri;144
145;New Jersey;145
146;Missouri;146
147;Colorado;147
148;Idaho;148
149;Wyoming;149
150;Delaware;150
151;California;151
152;North Dakota;152
153;South Carolina;153
154;North Carolina;154
155;Oklahoma;155
156;Maine;156
157;Missouri;157
158;Vermont;158
159;Connecticut;159
160;New Hampshire;160
161;Texas;161
162;North Dakota;162
163;California;163
164;Virginia;164
165;Delaware;165
166;Kentucky;166
167;Delaware;167
168;Arkansas;168
169;Louisiana;169
170;Nevada;170
171;Wyoming;171
172;Virginia;172
173;Nebraska;173
174;Hawaii;174
175;Vermont;175
176;Oklahoma;176
177;New Hampshire;177
178;Kansas;178
179;Idaho;179
180;Illinois;180
181;South Dakota;181
182;Massachusetts;182
183;Alabama;183
184;Ohio;184
185;Hawaii;185
186;Wisconsin;186
187;Minnesota;187
188;Georgia;188
189;Arkansas;189
190;West Virginia;190
191;Indiana;191
192;Utah;192
193;Nebraska;193
194;North Dakota;194
195;Missouri;195
196;New York;196
197;Washington;197
198;South Carolina;198
199;Utah;199
200;Idaho;200
201;Pennsylvania;201
202;Missouri;202
203;Nebraska;203
204;Indiana;204
205;Arizona;205
206;Hawaii;206
207;Wisconsin;207
208;Rhode Island;208
209;Wisconsin;209
210;Minnesota;210
211;Vermont;211
212;South Dakota;212
213;Virginia;213
214;Nevada;214
215;Hawaii;215
216;New Jersey;216
217;Massachusetts;217
218;Oklahoma;218
219;California;219
220;Nevada;220
221;Arizona;221
222;North Carolina;222
223;New York;223
224;Wyoming;224
225;South Dakota;225
226;Arkansas;226
227;Texas;227
228;Rhode Island;228
229;New Hampshire;229
230;Ohio;230
231;Utah;231
232;Tennessee;232
233;Hawaii;233
234;Arizona;234
235;South Dakota;235
236;New Jersey;236
237;North Dakota;237
238;Iowa;238
239;Ohio;239
240;Vermont;240
241;Montana;241
242;Delaware;242
243;New York;243
244;Kentucky;244
245;Oregon;245
246;Rhode Island;246
247;Nevada;247
248;Montana;248
249;Pennsylvania;249
250;Alaska;250
251;Mississippi;251
252;Wyoming;252
253;Delaware;253
254;Oklahoma;254
255;Indiana;255
256;Maryland;256
257;South Dakota;257
258;West Virginia;258
259;Alabama;259
260;Louisiana;260
261;Montana;261
262;California;262
263;Hawaii;263
264;Iowa;264
265;Colorado;265
266;Michigan;266
267;Louisiana;267
268;Maryland;268
269;Georgia;269
270;Georgia;270
271;North Dakota;271
272;Maryland;272
273;Oregon;273
274;North Dakota;274
275;Maryland;275
276;Virginia;276
277;South Dakota;277
278;Georgia;278
279;Hawaii;279
280;Arkansas;280
281;Montana;281
282;Oklahoma;282
283;Minnesota;283
284;Montana;284
285;Ohio;285
286;Kentucky;286
287;Nebraska;287
288;Delaware;288
289;North Carolina;289
290;New York;290
291;Colorado;291
292;Delaware;292
293;Utah;293
294;Connecticut;294
295;New Jersey;295
296;West Virginia;296
297;Indiana;297
298;Delaware;298
299;Maryland;299
300;Pennsylvania;300
301;Iowa;301
302;Pennsylvania;302
303;Delaware;303
304;Oregon;304
305;Oregon;305
306;Utah;306
307;North Dakota;307
308;Florida;308
309;Maryland;309
310;Minnesota;310
311;Montana;311
312;Rhode Island;312
313;Massachusetts;313
314;Vermont;314
315;New Jersey;315
316;Wisconsin;316
317;California;317
318;West Virginia;318
319;South Dakota;319
320;Maine;320
321;Kansas;321
322;Vermont;322
323;Tennessee;323
324;Tennessee;324
325;Wyoming;325
326;Vermont;326
327;New Jersey;327
328;Iowa;328
329;Florida;329
330;Nevada;330
331;North Dakota;331
332;Florida;332
333;New York;333
334;Alaska;334
335;Kansas;335
336;Oregon;336
337;Rhode Island;337
338;New Mexico;338
339;Massachusetts;339
340;Pennsylvania;340
341;New Jersey;341
342;Utah;342
343;Kentucky;343
344;Nebraska;344
345;Virginia;345
346;Wyoming;346
347;New Mexico;347
348;Oregon;348
349;South Carolina;349
350;Arizona;350
351;Kentucky;351
352;New York;352
353;Texas;353
354;Missouri;354
355;Pennsylvania;355
356;Oregon;356
357;Nevada;357
358;Arkansas;358
359;Minnesota;359
360;Georgia;360
361;Rhode Island;361
362;Nevada;362
363;Texas;363
364;Florida;364
365;North Dakota;365
366;West Virginia;366
367;Nebraska;367
368;Tennessee;368
369;Oklahoma;369
370;Wisconsin;370
371;Oregon;371
372;North Carolina;372
373;Pennsylvania;373
374;North Dakota;374
375;Ohio;375
376;Oklahoma;376
377;South Carolina;377
378;Maine;378
379;Nevada;379
380;Montana;380
381;New Hampshire;381
382;Maine;382
383;California;383
384;West Virginia;384
385;California;385
386;West Virginia;386
387;Louisiana;387
388;Georgia;388
389;Washington;389
390;Virginia;390
391;Indiana;391
392;Minnesota;392
393;Idaho;393
394;Vermont;394
395;North Dakota;395
396;Rhode Island;396
397;South Carolina;397
398;Mississippi;398
399;Montana;399
400;Idaho;400
401;Utah;401
402;Oklahoma;402
403;California;403
404;Nevada;404
405;Delaware;405
406;South Carolina;406
407;Maryland;407
408;North Carolina;408
409;Alabama;409
410;Minnesota;410
411;Virginia;411
412;Michigan;412
413;Maine;413
414;Nevada;414
415;Wyoming;415
416;Connecticut;416
417;Oregon;417
418;Mississippi;418
419;Illinois;419
420;Utah;420
421;North Carolina;421
422;Kentucky;422
423;Minnesota;423
424;New York;424
425;Illinois;425
426;North Dakota;426
427;Louisiana;427
428;Illinois;428
429;Wyoming;429
430;Washington;430
431;Texas;431
432;New Hampshire;432
433;Indiana;433
434;Alabama;434
435;Oklahoma;435
436;Montana;436
437;Tennessee;437
438;New Mexico;438
439;Iowa;439
440;Idaho;440
441;Oklahoma;441
442;Florida;442
443;Michigan;443
444;Hawaii;444
445;California;445
446;Iowa;446
447;West Virginia;447
448;Washington;448
449;Missouri;449
450;New York;450
451;Connecticut;451
452;Virginia;452
453;Missouri;453
454;Nebraska;454
455;New Jersey;455
456;Utah;456
457;North Carolina;457
458;Rhode Island;458
459;Arkansas;459
460;Maryland;460
461;South Carolina;461
462;Ohio;462
463;Illinois;463
464;Georgia;464
465;Alabama;465
466;Oklahoma;466
467;Vermont;467
468;Nebraska;468
469;Georgia;469
470;Alabama;470
471;Minnesota;471
472;Missouri;472
473;Georgia;473
474;West Virginia;474
475;Arkansas;475
476;Ohio;476
477;Connecticut;477
478;North Dakota;478
479;Kansas;479
480;Iowa;480
481;Vermont;481
482;Wisconsin;482
483;Connecticut;483
484;Oklahoma;484
485;Missouri;485
486;Tennessee;486
487;New Mexico;487
488;Iowa;488
489;Maine;489
490;South Dakota;490
491;Colorado;491
492;Vermont;492
493;Michigan;493
494;Nevada;494
495;Indiana;495
496;Michigan;496
497;California;497
498;Oklahoma;498
499;Iowa;499
500;Rhode Island;500
501;Washington;501
502;Florida;502
503;South Carolina;503
504;West Virginia;504
505;Missouri;505
506;Maine;506
507;Georgia;507
508;Maine;508
509;Illinois;509
510;Delaware;510
511;West Virginia;511
512;Hawaii;512
513;New York;513
514;New Mexico;514
515;Indiana;515
516;Kentucky;516
517;West Virginia;517
518;North Dakota;518
519;Oregon;519
520;Minnesota;520
521;South Carolina;521
522;Vermont;522
523;Minnesota;523
524;Delaware;524
525;Pennsylvania;525
526;Iowa;526
527;New Jersey;527
528;South Carolina;528
529;Maryland;529
530;California;530
531;Montana;531
532;Vermont;532
533;Texas;533
534;North Carolina;534
535;Florida;535
536;West Virginia;536
537;Illinois;537
538;Virginia;538
539;Virginia;539
540;Wyoming;540
541;South Carolina;541
542;Connecticut;542
543;Illinois;543
544;Alabama;544
545;Washington;545
546;Alabama;546
547;New Mexico;547
548;Nevada;548
549;Nebraska;549
550;Arizona;550
551;Georgia;551
552;Idaho;552
553;Missouri;553
554;Florida;554
555;Minnesota;555
556;Maine;556
557;Montana;557
558;Alaska;558
559;Iowa;559
560;Arizona;560
561;Louisiana;561
562;Alabama;562
563;Missouri;563
564;Idaho;564
565;Florida;565
566;Idaho;566
567;Alabama;567
568;New Hampshire;568
569;Utah;569
570;Alabama;570
571;Iowa;571
572;Kentucky;572
573;South Carolina;573
574;California;574
575;Maine;575
576;Nebraska;576
577;Washington;577
578;Alabama;578
579;Maine;579
580;California;580
581;Iowa;581
582;Iowa;582
583;Colorado;583
584;California;584
585;Indiana;585
586;South Carolina;586
587;Wisconsin;587
588;Washington;588
589;South Dakota;589
590;Minnesota;590
591;Alaska;591
592;Kentucky;592
593;North Dakota;593
594;Alaska;594
595;Oklahoma;595
596;Delaware;596
597;Montana;597
598;Alaska;598
599;California;599
600;Massachusetts;600
601;South Carolina;601
602;West Virginia;602
603;Oregon;603
604;Massachusetts;604
605;West Virginia;605
606;California;606
607;Colorado;607
608;Indiana;608
609;Delaware;609
610;Ohio;610
611;Oklahoma;611
612;California;612
613;New Hampshire;613
614;Pennsylvania;614
615;Idaho;615
616;Maryland;616
617;Pennsylvania;617
618;Colorado;618
619;Indiana;619
620;Nebraska;620
621;Rhode Island;621
622;Kansas;622
623;Georgia;623
624;Nevada;624
625;South Carolina;625
626;Delaware;626
627;New Hampshire;627
628;Oregon;628
629;Massachusetts;629
630;Vermont;630
631;Mississippi;631
632;Washington;632
633;Wyoming;633
634;Minnesota;634
635;Ohio;635
636;South Carolina;636
637;Wisconsin;637
638;Tennessee;638
639;Maryland;639
640;Mississippi;640
641;Minnesota;641
642;Alaska;642
643;Arkansas;643
644;Oregon;644
645;Louisiana;645
646;Oklahoma;646
647;Indiana;647
648;Mississippi;648
649;Michigan;649
650;Delaware;650
651;Florida;651
652;Arkansas;652
653;Minnesota;653
654;North Dakota;654
655;California;655
656;Mississippi;656
657;Pennsylvania;657
658;Arizona;658
659;Louisiana;659
660;Virginia;660
661;Montana;661
662;Iowa;662
663;Illinois;663
664;Alaska;664
665;Colorado;665
666;New Mexico;666
667;Colorado;667
668;Arizona;668
669;Hawaii;669
670;Illinois;670
671;Louisiana;671
672;Iowa;672
673;Washington;673
674;Oklahoma;674
675;Washington;675
676;Arkansas;676
677;Connecticut;677
678;Washington;678
679;Maine;679
680;Michigan;680
681;Tennessee;681
682;Louisiana;682
683;Missouri;683
684;Michigan;684
685;Alabama;685
686;Massachusetts;686
687;Indiana;687
688;West Virginia;688
689;Michigan;689
690;Pennsylvania;690
691;Alaska;691
692;Massachusetts;692
693;North Dakota;693
694;Vermont;694
695;Kentucky;695
696;Nevada;696
697;Utah;697
698;North Dakota;698
699;Iowa;699
700;Connecticut;700
701;Wisconsin;701
702;Idaho;702
703;Montana;703
704;Connecticut;704
705;Idaho;705
706;Arkansas;706
707;Iowa;707
708;Louisiana;708
709;Kentucky;709
710;Massachusetts;710
711;Virginia;711
712;New Hampshire;712
713;New Hampshire;713
714;Oregon;714
715;South Dakota;715
716;Delaware;716
717;Missouri;717
718;Alaska;718
719;Florida;719
720;Mississippi;720
721;New Mexico;721
722;California;722
723;Wyoming;723
724;Missouri;724
725;New Hampshire;725
726;Texas;726
727;North Dakota;727
728;Arkansas;728
729;Nebraska;729
730;Minnesota;730
731;Massachusetts;731
732;Arkansas;732
733;New Hampshire;733
734;Rhode Island;734
735;New Jersey;735
736;Montana;736
737;Colorado;737
738;Nebraska;738
739;Minnesota;739
740;Minnesota;740
741;South Dakota;741
742;West Virginia;742
743;Nevada;743
744;North Carolina;744
745;Illinois;745
746;Michigan;746
747;Michigan;747
748;Oklahoma;748
749;South Dakota;749
750;Oklahoma;750
751;Maryland;751
752;Ohio;752
753;Ohio;753
754;Massachusetts;754
755;North Carolina;755
756;Florida;756
757;Montana;757
758;Minnesota;758
759;Massachusetts;759
760;Rhode Island;760
761;Minnesota;761
762;Nevada;762
763;New Mexico;763
764;North Carolina;764
765;Virginia;765
766;Alaska;766
767;Nevada;767
768;Pennsylvania;768
769;Illinois;769
770;Delaware;770
771;Vermont;771
772;Hawaii;772
773;Illinois;773
774;California;774
775;Nevada;775
776;Kentucky;776
777;Alabama;777
778;Wyoming;778
779;Massachusetts;779
780;Utah;780
781;New York;781
782;Vermont;782
783;Hawaii;783
784;Louisiana;784
785;Alabama;785
786;Louisiana;786
787;Indiana;787
788;Michigan;788
789;Rhode Island;789
790;Idaho;790
791;Louisiana;791
792;North Carolina;792
793;New Jersey;793
794;Alabama;794
795;Kentucky;795
796;New York;796
797;Arizona;797
798;Maryland;798
799;Alaska;799
800;Nevada;800
801;Utah;801
802;New Mexico;802
803;Delaware;803
804;Connecticut;804
805;Mississippi;805
806;Connecticut;806
807;Florida;807
808;New York;808
809;Wisconsin;809
810;South Carolina;810
811;South Dakota;811
812;Illinois;812
813;Alaska;813
814;Montana;814
815;Minnesota;815
816;West Virginia;816
817;Illinois;817
818;Nevada;818
819;Idaho;819
820;Colorado;820
821;Louisiana;821
822;Vermont;822
823;Mississippi;823
824;Georgia;824
825;Georgia;825
826;Nebraska;826
827;Massachusetts;827
828;Colorado;828
829;Nevada;829
830;Idaho;830
831;Wyoming;831
832;Washington;832
833;California;833
834;Oklahoma;834
835;Nevada;835
836;Maryland;836
837;West Virginia;837
838;Illinois;838
839;Kentucky;839
840;Illinois;840
841;Alabama;841
842;Texas;842
843;Missouri;843
844;Pennsylvania;844
845;Missouri;845
846;Michigan;846
847;Kentucky;847
848;New Jersey;848
849;Delaware;849
850;Missouri;850
851;Connecticut;851
852;Massachusetts;852
853;Florida;853
854;Delaware;854
855;California;855
856;Oregon;856
857;Alaska;857
858;Missouri;858
859;Oklahoma;859
860;Wisconsin;860
861;South Carolina;861
862;Virginia;862
863;Arkansas;863
864;Vermont;864
865;Kentucky;865
866;Colorado;866
867;New Mexico;867
868;Colorado;868
869;North Carolina;869
870;New Hampshire;870
871;West Virginia;871
872;Hawaii;872
873;North Dakota;873
874;Mississippi;874
875;Maine;875
876;North Dakota;876
877;Nebraska;877
878;Nebraska;878
879;Tennessee;879
880;Wyoming;880
881;Nevada;881
882;South Carolina;882
883;Virginia;883
884;Pennsylvania;884
885;Hawaii;885
886;Ohio;886
887;Utah;887
888;Minnesota;888
889;New Hampshire;889
890;Arizona;890
891;New York;891
892;Pennsylvania;892
893;New Mexico;893
894;Nebraska;894
895;Wyoming;895
896;Mississippi;896
897;Arkansas;897
898;Illinois;898
899;Nevada;899
900;Rhode Island;900
901;West Virginia;901
902;Missouri;902
903;Kentucky;903
904;Washington;904
905;Alaska;905
906;Mississippi;906
907;South Carolina;907
908;Missouri;908
909;New Jersey;909
910;Louisiana;910
911;South Carolina;911
912;Vermont;912
913;Arkansas;913
914;Utah;914
915;Washington;915
916;Rhode Island;916
917;Illinois;917
918;Missouri;918
919;North Carolina;919
920;Massachusetts;920
921;Arkansas;921
922;South Dakota;922
923;Georgia;923
924;Arkansas;924
925;Kansas;925
926;Arizona;926
927;Massachusetts;927
928;New Mexico;928
929;Arkansas;929
930;Nebraska;930
931;Hawaii;931
932;Nebraska;932
933;Indiana;933
934;Colorado;934
935;Oregon;935
936;Ohio;936
937;Maine;937
938;Iowa;938
939;Wisconsin;939
940;New York;940
941;Colorado;941
942;Illinois;942
943;Arizona;943
944;Oklahoma;944
945;Indiana;945
946;Minnesota;946
947;Pennsylvania;947
948;Indiana;948
949;Alabama;949
950;Montana;950
951;New Mexico;951
952;Alaska;952
953;Idaho;953
954;Utah;954
955;Louisiana;955
956;Mississippi;956
957;Mississippi;957
958;Indiana;958
959;Washington;959
960;Nevada;960
961;Louisiana;961
962;Pennsylvania;962
963;Michigan;963
964;South Carolina;964
965;Arizona;965
966;Delaware;966
967;Kentucky;967
968;Georgia;968
969;North Carolina;969
970;California;970
971;California;971
972;Indiana;972
973;Colorado;973
974;Colorado;974
975;North Carolina;975
976;Washington;976
977;Florida;977
978;Washington;978
979;Colorado;979
980;New Hampshire;980
981;Maryland;981
982;Maryland;982
983;Texas;983
984;New Mexico;984
985;Utah;985
986;West Virginia;986
987;Connecticut;987
988;West Virginia;988
989;Ohio;989
990;Texas;990
991;Washington;991
992;Wisconsin;992
993;Louisiana;993
994;Iowa;994
995;New York;995
996;Idaho;996
997;Delaware;997
998;Kentucky;998
999;Connecticut;999
1000;New Mexico;1000
1001;Georgia;1001
1002;Washington;1002
1003;North Dakota;1003
1004;Ohio;1004
1005;Tennessee;1005
1006;New York;1006
1007;Michigan;1007
1008;Georgia;1008
1009;New Mexico;1009
1010;Louisiana;1010
1011;South Dakota;1011
1012;Montana;1012
1013;New Mexico;1013
1014;South Carolina;1014
1015;Ohio;1015
1016;North Carolina;1016
1017;Idaho;1017
1018;Oklahoma;1018
1019;Georgia;1019
1020;Kentucky;1020
1021;Delaware;1021
1022;Massachusetts;1022
1023;Nebraska;1023
1024;Maine;1024
1025;Pennsylvania;1025
1026;Nebraska;1026
1027;Virginia;1027
1028;Ohio;1028
1029;Nebraska;1029
1030;Ohio;1030
1031;Kentucky;1031
1032;Tennessee;1032
1033;Maine;1033
1034;Montana;1034
1035;Maryland;1035
1036;Georgia;1036
1037;Hawaii;1037
1038;Rhode Island;1038
1039;Nebraska;1039
1040;Michigan;1040
1041;North Carolina;1041
1042;Minnesota;1042
1043;Maryland;1043
1044;Hawaii;1044
1045;Oregon;1045
1046;New Mexico;1046
1047;Illinois;1047
1048;Utah;1048
1049;Maine;1049
1050;Virginia;1050
1051;Florida;1051
1052;Ohio;1052
1053;Virginia;1053
1054;Kansas;1054
1055;Arkansas;1055
1056;Massachusetts;1056
1057;Idaho;1057
1058;Wisconsin;1058
1059;New Mexico;1059
1060;North Carolina;1060
1061;Iowa;1061
1062;Idaho;1062
1063;Ohio;1063
1064;Alabama;1064
1065;Wyoming;1065
1066;Alabama;1066
1067;Mississippi;1067
1068;Pennsylvania;1068
1069;Wyoming;1069
1070;Maryland;1070
1071;North Carolina;1071
1072;Pennsylvania;1072
1073;Idaho;1073
1074;California;1074
1075;Tennessee;1075
1076;Missouri;1076
1077;North Dakota;1077
1078;West Virginia;1078
1079;Arizona;1079
1080;Oklahoma;1080
1081;Pennsylvania;1081
1082;Idaho;1082
1083;South Carolina;1083
1084;Washington;1084
1085;Arkansas;1085
1086;Utah;1086
1087;Alaska;1087
1088;West Virginia;1088
1089;Louisiana;1089
1090;Arizona;1090
1091;Connecticut;1091
1092;North Carolina;1092
1093;South Dakota;1093
1094;Delaware;1094
1095;Connecticut;1095
1096;Tennessee;1096
1097;New Hampshire;1097
1098;Vermont;1098
1099;Idaho;1099
1100;North Carolina;1100
1101;Nevada;1101
1102;Delaware;1102
1103;Texas;1103
1104;Tennessee;1104
1105;Delaware;1105
1106;Massachusetts;1106
1107;Minnesota;1107
1108;Texas;1108
1109;Nebraska;1109
1110;Oklahoma;1110
1111;Texas;1111
1112;New York;1112
1113;Washington;1113
1114;Maryland;1114
1115;New Hampshire;1115
1116;New York;1116
1117;Hawaii;1117
1118;California;1118
1119;Indiana;1119
1120;Louisiana;1120
1121;Pennsylvania;1121
1122;Florida;1122
1123;North Carolina;1123
1124;Massachusetts;1124
1125;Iowa;1125
1126;North Dakota;1126
1127;Iowa;1127
1128;Delaware;1128
1129;New York;1129
1130;New Hampshire;1130
1131;Kentucky;1131
1132;Illinois;1132
1133;North Carolina;1133
1134;Connecticut;1134
1135;Wisconsin;1135
1136;Massachusetts;1136
1137;Illinois;1137
1138;New Mexico;1138
1139;Iowa;1139
1140;Alabama;1140
1141;Maryland;1141
1142;Ohio;1142
1143;Ohio;1143
1144;Nevada;1144
1145;South Carolina;1145
1146;Nevada;1146
1147;Wisconsin;1147
1148;Tennessee;1148
1149;Florida;1149
1150;Georgia;1150
1151;Kentucky;1151
1152;Ohio;1152
1153;Connecticut;1153
1154;Idaho;1154
1155;Georgia;1155
1156;Tennessee;1156
1157;Hawaii;1157
1158;Maryland;1158
1159;Nevada;1159
1160;New Hampshire;1160
1161;North Dakota;1161
1162;Oklahoma;1162
1163;North Carolina;1163
1164;Tennessee;1164
1165;Montana;1165
1166;Wisconsin;1166
1167;Connecticut;1167
1168;New Jersey;1168
1169;Mississippi;1169
1170;Wyoming;1170
1171;Illinois;1171
1172;Louisiana;1172
1173;Oregon;1173
1174;South Dakota;1174
1175;Michigan;1175
1176;New Jersey;1176
1177;Oregon;1177
1178;Iowa;1178
1179;South Carolina;1179
1180;Indiana;1180
1181;Oregon;1181
1182;New York;1182
1183;New Mexico;1183
1184;Louisiana;1184
1185;South Carolina;1185
1186;Maine;1186
1187;Indiana;1187
1188;Iowa;1188
1189;Mississippi;1189
1190;Arkansas;1190
1191;South Carolina;1191
1192;Indiana;1192
1193;Florida;1193
1194;Alaska;1194
1195;New York;1195
1196;Texas;1196
1197;North Dakota;1197
1198;Vermont;1198
1199;New Jersey;1199
1200;Maryland;1200
1201;Connecticut;1201
1202;Illinois;1202
1203;Maryland;1203
1204;Minnesota;1204
1205;Florida;1205
1206;California;1206
1207;Mississippi;1207
1208;Washington;1208
1209;Wisconsin;1209
1210;Pennsylvania;1210
1211;Missouri;1211
1212;Oklahoma;1212
1213;Pennsylvania;1213
1214;Kentucky;1214
1215;Vermont;1215
1216;Oregon;1216
1217;Utah;1217
1218;Nebraska;1218
1219;Pennsylvania;1219
1220;Vermont;1220
1221;Kentucky;1221
1222;Iowa;1222
1223;Indiana;1223
1224;Kansas;1224
1225;Illinois;1225
1226;North Carolina;1226
1227;Ohio;1227
1228;Illinois;1228
1229;Indiana;1229
1230;Kansas;1230
1231;Illinois;1231
1232;Pennsylvania;1232
1233;New York;1233
1234;Utah;1234
1235;New Jersey;1235
1236;Idaho;1236
1237;New Mexico;1237
1238;Michigan;1238
1239;Wyoming;1239
1240;New Jersey;1240
1241;New Jersey;1241
1242;Hawaii;1242
1243;Nevada;1243
1244;New Hampshire;1244
1245;Indiana;1245
1246;New York;1246
1247;Louisiana;1247
1248;Virginia;1248
1249;Wisconsin;1249
1250;Oregon;1250
1251;New Hampshire;1251
1252;Indiana;1252
1253;Massachusetts;1253
1254;Montana;1254
1255;California;1255
1256;Indiana;1256
1257;West Virginia;1257
1258;Minnesota;1258
1259;Ohio;1259
1260;Minnesota;1260
1261;Virginia;1261
1262;Connecticut;1262
1263;Tennessee;1263
1264;Delaware;1264
1265;Vermont;1265
1266;Louisiana;1266
1267;North Dakota;1267
1268;Oregon;1268
1269;Idaho;1269
1270;Vermont;1270
1271;West Virginia;1271
1272;Kentucky;1272
1273;Wisconsin;1273
1274;Mississippi;1274
1275;Missouri;1275
1276;Arkansas;1276
1277;Wyoming;1277
1278;Rhode Island;1278
1279;Utah;1279
1280;Maryland;1280
1281;Georgia;1281
1282;New Jersey;1282
1283;New Hampshire;1283
1284;Oregon;1284
1285;Arkansas;1285
1286;North Carolina;1286
1287;West Virginia;1287
1288;Utah;1288
1289;South Dakota;1289
1290;New Hampshire;1290
1291;Maryland;1291
1292;South Dakota;1292
1293;Kentucky;1293
1294;Florida;1294
1295;Texas;1295
1296;New Mexico;1296
1297;South Dakota;1297
1298;New Jersey;1298
1299;Indiana;1299
1300;Louisiana;1300
1301;West Virginia;1301
1302;Maine;1302
1303;Idaho;1303
1304;New York;1304
1305;Montana;1305
1306;Mississippi;1306
1307;Alaska;1307
1308;Missouri;1308
1309;Rhode Island;1309
1310;Hawaii;1310
1311;South Carolina;1311
1312;Tennessee;1312
1313;Missouri;1313
1314;Missouri;1314
1315;Missouri;1315
1316;Mississippi;1316
1317;Arkansas;1317
1318;Kentucky;1318
1319;Connecticut;1319
1320;Oklahoma;1320
1321;California;1321
1322;Missouri;1322
1323;Washington;1323
1324;New York;1324
1325;Indiana;1325
1326;Oregon;1326
1327;Texas;1327
1328;Florida;1328
1329;Rhode Island;1329
1330;Texas;1330
1331;Vermont;1331
1332;Maryland;1332
1333;Alaska;1333
1334;Idaho;1334
1335;West Virginia;1335
1336;Nevada;1336
1337;Oregon;1337
1338;Tennessee;1338
1339;Alabama;1339
1340;Indiana;1340
1341;Idaho;1341
1342;Rhode Island;1342
1343;Arizona;1343
1344;Florida;1344
1345;New York;1345
1346;Nebraska;1346
1347;Mississippi;1347
1348;Vermont;1348
1349;Nebraska;1349
1350;South Carolina;1350
1351;Delaware;1351
1352;Vermont;1352
1353;Indiana;1353
1354;Oregon;1354
1355;Maryland;1355
1356;Florida;1356
1357;Indiana;1357
1358;Texas;1358
1359;Nebraska;1359
1360;North Carolina;1360
1361;Alabama;1361
1362;Alabama;1362
1363;Colorado;1363
1364;Wisconsin;1364
1365;Delaware;1365
1366;Indiana;1366
1367;Iowa;1367
1368;Iowa;1368
1369;Wisconsin;1369
1370;Iowa;1370
1371;Montana;1371
1372;Mississippi;1372
1373;Michigan;1373
1374;Virginia;1374
1375;New York;1375
1376;Maine;1376
1377;New Jersey;1377
1378;Maryland;1378
1379;Kentucky;1379
1380;Minnesota;1380
1381;Massachusetts;1381
1382;Illinois;1382
1383;Michigan;1383
1384;Wisconsin;1384
1385;Alaska;1385
1386;Mississippi;1386
1387;Oregon;1387
1388;Maryland;1388
1389;Arkansas;1389
1390;Illinois;1390
1391;Arkansas;1391
1392;Mississippi;1392
1393;Arkansas;1393
1394;Idaho;1394
1395;Iowa;1395
1396;West Virginia;1396
1397;Wisconsin;1397
1398;Massachusetts;1398
1399;Texas;1399
1400;Nebraska;1400
1401;Nevada;1401
1402;Indiana;1402
1403;North Dakota;1403
1404;Georgia;1404
1405;New Mexico;1405
1406;New Hampshire;1406
1407;Washington;1407
1408;Nevada;1408
1409;Maine;1409
1410;Idaho;1410
1411;Tennessee;1411
1412;Louisiana;1412
1413;Michigan;1413
1414;New Hampshire;1414
1415;Minnesota;1415
1416;Illinois;1416
1417;Idaho;1417
1418;Montana;1418
1419;Alabama;1419
1420;Montana;1420
1421;California;1421
1422;Pennsylvania;1422
1423;Texas;1423
1424;Michigan;1424
1425;Connecticut;1425
1426;Wyoming;1426
1427;Michigan;1427
1428;South Dakota;1428
1429;North Dakota;1429
1430;Maryland;1430
1431;Michigan;1431
1432;South Dakota;1432
1433;Florida;1433
1434;Minnesota;1434
1435;New York;1435
1436;Oregon;1436
1437;Minnesota;1437
1438;Montana;1438
1439;Washington;1439
1440;New Mexico;1440
1441;Arizona;1441
1442;Nebraska;1442
1443;Idaho;1443
1444;Idaho;1444
1445;Vermont;1445
1446;Arkansas;1446
1447;Wyoming;1447
1448;New Mexico;1448
1449;West Virginia;1449
1450;New York;1450
1451;Illinois;1451
1452;Utah;1452
1453;Colorado;1453
1454;Virginia;1454
1455;Georgia;1455
1456;Alabama;1456
1457;Montana;1457
1458;Pennsylvania;1458
1459;Missouri;1459
1460;Maine;1460
1461;Pennsylvania;1461
1462;Oregon;1462
1463;Utah;1463
1464;Oklahoma;1464
1465;Montana;1465
1466;Nebraska;1466
1467;Alabama;1467
1468;Ohio;1468
1469;Arkansas;1469
1470;Mississippi;1470
1471;California;1471
1472;Alaska;1472
1473;Indiana;1473
1474;Wisconsin;1474
1475;New Jersey;1475
1476;Rhode Island;1476
1477;Wyoming;1477
1478;Oregon;1478
1479;Washington;1479
1480;Washington;1480
1481;New Hampshire;1481
1482;Maryland;1482
1483;Wisconsin;1483
1484;Massachusetts;1484
1485;Nebraska;1485
1486;Nebraska;1486
1487;Idaho;1487
1488;Arizona;1488
1489;Hawaii;1489
1490;Missouri;1490
1491;Louisiana;1491
1492;Arkansas;1492
1493;North Carolina;1493
1494;North Dakota;1494
1495;Montana;1495
1496;Rhode Island;1496
1497;Idaho;1497
1498;Michigan;1498
1499;Illinois;1499
1500;Georgia;1500
1501;Alabama;1501
1502;Alaska;1502
1503;Massachusetts;1503
1504;Michigan;1504
1505;Alaska;1505
1506;North Dakota;1506
1507;South Carolina;1507
1508;Pennsylvania;1508
1509;Colorado;1509
1510;New Hampshire;1510
1511;Maryland;1511
1512;Georgia;1512
1513;Wisconsin;1513
1514;Texas;1514
1515;Utah;1515
1516;Indiana;1516
1517;Nevada;1517
1518;New Hampshire;1518
1519;New York;1519
1520;Texas;1520
1521;Iowa;1521
1522;Washington;1522
1523;Tennessee;1523
1524;Georgia;1524
1525;Massachusetts;1525
1526;Oregon;1526
1527;Oklahoma;1527
1528;Wisconsin;1528
1529;Oregon;1529
1530;Georgia;1530
1531;New Mexico;1531
1532;Mississippi;1532
1533;Wisconsin;1533
1534;New Hampshire;1534
1535;Wyoming;1535
1536;West Virginia;1536
1537;Michigan;1537
1538;Alaska;1538
1539;Illinois;1539
1540;Hawaii;1540
1541;Colorado;1541
1542;Illinois;1542
1543;Hawaii;1543
1544;Wisconsin;1544
1545;Arkansas;1545
1546;Delaware;1546
1547;Oregon;1547
1548;South Carolina;1548
1549;Maryland;1549
1550;Kansas;1550
1551;Arkansas;1551
1552;Minnesota;1552
1553;New Mexico;1553
1554;Delaware;1554
1555;Utah;1555
1556;Ohio;1556
1557;Alabama;1557
1558;South Dakota;1558
1559;New Mexico;1559
1560;Oregon;1560
1561;Oregon;1561
1562;Mississippi;1562
1563;Alabama;1563
1564;Kansas;1564
1565;California;1565
1566;Idaho;1566
1567;Wyoming;1567
1568;Minnesota;1568
1569;Washington;1569
1570;Hawaii;1570
1571;Missouri;1571
1572;Colorado;1572
1573;Washington;1573
1574;North Dakota;1574
1575;Minnesota;1575
1576;California;1576
1577;Michigan;1577
1578;Delaware;1578
1579;California;1579
1580;Oklahoma;1580
1581;North Dakota;1581
1582;Ohio;1582
1583;Hawaii;1583
1584;Maryland;1584
1585;Hawaii;1585
1586;Alabama;1586
1587;Oklahoma;1587
1588;Alabama;1588
1589;Vermont;1589
1590;Ohio;1590
1591;Wisconsin;1591
1592;South Dakota;1592
1593;Iowa;1593
1594;Maryland;1594
1595;Colorado;1595
1596;Wisconsin;1596
1597;Mississippi;1597
1598;Mississippi;1598
1599;California;1599
1600;Delaware;1600
1601;Montana;1601
1602;Indiana;1602
1603;West Virginia;1603
1604;Iowa;1604
1605;Maine;1605
1606;Connecticut;1606
1607;Kansas;1607
1608;Vermont;1608
1609;Nebraska;1609
1610;Nevada;1610
1611;Tennessee;1611
1612;Arkansas;1612
1613;Wisconsin;1613
1614;Illinois;1614
1615;Kansas;1615
1616;New York;1616
1617;Colorado;1617
1618;Wisconsin;1618
1619;Michigan;1619
1620;Hawaii;1620
1621;Virginia;1621
1622;Ohio;1622
1623;Missouri;1623
1624;Indiana;1624
1625;Florida;1625
1626;Minnesota;1626
1627;Nevada;1627
1628;Maine;1628
1629;Massachusetts;1629
1630;North Dakota;1630
1631;New Jersey;1631
1632;Indiana;1632
1633;Oregon;1633
1634;North Dakota;1634
1635;South Carolina;1635
1636;North Carolina;1636
1637;North Dakota;1637
1638;Massachusetts;1638
1639;Tennessee;1639
1640;Missouri;1640
1641;Tennessee;1641
1642;Colorado;1642
1643;Mississippi;1643
1644;Ohio;1644
1645;North Carolina;1645
1646;Ohio;1646
1647;Nebraska;1647
1648;Hawaii;1648
1649;Oklahoma;1649
1650;Wisconsin;1650
1651;Arkansas;1651
1652;Texas;1652
1653;New Mexico;1653
1654;Colorado;1654
1655;Indiana;1655
1656;Arizona;1656
1657;Indiana;1657
1658;Indiana;1658
1659;Alaska;1659
1660;Utah;1660
1661;Louisiana;1661
1662;Iowa;1662
1663;New Mexico;1663
1664;Maine;1664
1665;Minnesota;1665
1666;New Mexico;1666
1667;Arkansas;1667
1668;Oklahoma;1668
1669;Utah;1669
1670;Wisconsin;1670
1671;Utah;1671
1672;Utah;1672
1673;South Carolina;1673
1674;Hawaii;1674
1675;Alaska;1675
1676;Colorado;1676
1677;West Virginia;1677
1678;Oregon;1678
1679;Ohio;1679
1680;Massachusetts;1680
1681;Louisiana;1681
1682;Virginia;1682
1683;New York;1683
1684;Arkansas;1684
1685;New Mexico;1685
1686;Minnesota;1686
1687;Illinois;1687
1688;Georgia;1688
1689;Mississippi;1689
1690;North Carolina;1690
1691;Nevada;1691
1692;Connecticut;1692
1693;Utah;1693
1694;Tennessee;1694
1695;Mississippi;1695
1696;Nebraska;1696
1697;West Virginia;1697
1698;South Carolina;1698
1699;Iowa;1699
1700;North Dakota;1700
1701;West Virginia;1701
1702;Mississippi;1702
1703;Alabama;1703
1704;California;1704
1705;Idaho;1705
1706;South Dakota;1706
1707;North Dakota;1707
1708;Nevada;1708
1709;Florida;1709
1710;Indiana;1710
1711;Arkansas;1711
1712;North Carolina;1712
1713;Illinois;1713
1714;Missouri;1714
1715;South Dakota;1715
1716;Idaho;1716
1717;Connecticut;1717
1718;Hawaii;1718
1719;Maryland;1719
1720;Maryland;1720
1721;Massachusetts;1721
1722;Delaware;1722
1723;Massachusetts;1723
1724;New York;1724
1725;Delaware;1725
1726;Massachusetts;1726
1727;Indiana;1727
1728;Virginia;1728
1729;Wyoming;1729
1730;Illinois;1730
1731;Alabama;1731
1732;Idaho;1732
1733;Rhode Island;1733
1734;New York;1734
1735;Missouri;1735
1736;Texas;1736
1737;Tennessee;1737
1738;Ohio;1738
1739;Tennessee;1739
1740;Minnesota;1740
1741;Wisconsin;1741
1742;Delaware;1742
1743;Kansas;1743
1744;Missouri;1744
1745;Michigan;1745
1746;West Virginia;1746
1747;Alabama;1747
1748;New Hampshire;1748
1749;Montana;1749
1750;Wyoming;1750
1751;Missouri;1751
1752;Ohio;1752
1753;South Dakota;1753
1754;Colorado;1754
1755;Massachusetts;1755
1756;Delaware;1756
1757;New Hampshire;1757
1758;Michigan;1758
1759;Pennsylvania;1759
1760;Louisiana;1760
1761;Minnesota;1761
1762;Hawaii;1762
1763;Idaho;1763
1764;Vermont;1764
1765;Delaware;1765
1766;New Mexico;1766
1767;Alaska;1767
1768;Minnesota;1768
1769;Nebraska;1769
1770;Alaska;1770
1771;Michigan;1771
1772;Indiana;1772
1773;Hawaii;1773
1774;West Virginia;1774
1775;New York;1775
1776;Iowa;1776
1777;Arizona;1777
1778;Minnesota;1778
1779;Texas;1779
1780;Virginia;1780
1781;North Dakota;1781
1782;Iowa;1782
1783;Utah;1783
1784;Ohio;1784
1785;Louisiana;1785
1786;Iowa;1786
1787;Maryland;1787
1788;Montana;1788
1789;Illinois;1789
1790;Arizona;1790
1791;North Carolina;1791
1792;Montana;1792
1793;Iowa;1793
1794;Iowa;1794
1795;Ohio;1795
1796;Wisconsin;1796
1797;South Carolina;1797
1798;Oregon;1798
1799;North Dakota;1799
1800;California;1800
1801;Mississippi;1801
1802;New Jersey;1802
1803;Rhode Island;1803
1804;New Hampshire;1804
1805;Louisiana;1805
1806;Arizona;1806
1807;Rhode Island;1807
1808;Vermont;1808
1809;Tennessee;1809
1810;Alaska;1810
1811;Maryland;1811
1812;Wisconsin;1812
1813;Nevada;1813
1814;Illinois;1814
1815;Montana;1815
1816;New Mexico;1816
1817;Virginia;1817
1818;Delaware;1818
1819;North Carolina;1819
1820;Nevada;1820
1821;Washington;1821
1822;Maine;1822
1823;Connecticut;1823
1824;Louisiana;1824
1825;Illinois;1825
1826;South Dakota;1826
1827;Indiana;1827
1828;Vermont;1828
1829;New Hampshire;1829
1830;Oregon;1830
1831;Kansas;1831
1832;Maine;1832
1833;Louisiana;1833
1834;Louisiana;1834
1835;Indiana;1835
1836;Kentucky;1836
1837;South Carolina;1837
1838;Montana;1838
1839;Vermont;1839
1840;Mississippi;1840
1841;Wyoming;1841
1842;Vermont;1842
1843;Alabama;1843
1844;Kentucky;1844
1845;South Dakota;1845
1846;Delaware;1846
1847;Wisconsin;1847
1848;Arizona;1848
1849;Maine;1849
1850;New Mexico;1850
1851;Wyoming;1851
1852;Delaware;1852
1853;Pennsylvania;1853
1854;North Dakota;1854
1855;Kentucky;1855
1856;Rhode Island;1856
1857;Arizona;1857
1858;Colorado;1858
1859;Maine;1859
1860;New Jersey;1860
1861;Kansas;1861
1862;South Dakota;1862
1863;New Hampshire;1863
1864;Connecticut;1864
1865;Wyoming;1865
1866;Missouri;1866
1867;Alaska;1867
1868;Delaware;1868
1869;Indiana;1869
1870;West Virginia;1870
1871;Wyoming;1871
1872;Illinois;1872
1873;Alaska;1873
1874;Wisconsin;1874
1875;Indiana;1875
1876;Tennessee;1876
1877;Illinois;1877
1878;Pennsylvania;1878
1879;Oklahoma;1879
1880;Tennessee;1880
1881;New Jersey;1881
1882;New Jersey;1882
1883;Tennessee;1883
1884;Georgia;1884
1885;Arizona;1885
1886;Nevada;1886
1887;Arkansas;1887
1888;North Dakota;1888
1889;South Dakota;1889
1890;North Carolina;1890
1891;Hawaii;1891
1892;New Hampshire;1892
1893;California;1893
1894;Delaware;1894
1895;Arizona;1895
1896;Washington;1896
1897;Nevada;1897
1898;Alaska;1898
1899;Texas;1899
1900;New York;1900
1901;Iowa;1901
1902;Arizona;1902
1903;New Mexico;1903
1904;North Carolina;1904
1905;Nevada;1905
1906;Idaho;1906
1907;Vermont;1907
1908;New Mexico;1908
1909;Georgia;1909
1910;Kentucky;1910
1911;New York;1911
1912;Arizona;1912
1913;Colorado;1913
1914;Kentucky;1914
1915;Alaska;1915
1916;Alabama;1916
1917;Connecticut;1917
1918;Hawaii;1918
1919;Idaho;1919
1920;Virginia;1920
1921;Connecticut;1921
1922;Michigan;1922
1923;Kentucky;1923
1924;Nebraska;1924
1925;Michigan;1925
1926;Utah;1926
1927;New Mexico;1927
1928;Florida;1928
1929;Mississippi;1929
1930;Hawaii;1930
1931;North Carolina;1931
1932;Illinois;1932
1933;Maryland;1933
1934;Montana;1934
1935;Michigan;1935
1936;North Carolina;1936
1937;Minnesota;1937
1938;Delaware;1938
1939;Kentucky;1939
1940;Ohio;1940
1941;Alaska;1941
1942;Vermont;1942
1943;Alabama;1943
1944;Wisconsin;1944
1945;Arkansas;1945
1946;Georgia;1946
1947;Louisiana;1947
1948;New York;1948
1949;Connecticut;1949
1950;Nebraska;1950
1951;Arkansas;1951
1952;Connecticut;1952
1953;Maryland;1953
1954;Colorado;1954
1955;Colorado;1955
1956;Maine;1956
1957;Oklahoma;1957
1958;South Carolina;1958
1959;Nevada;1959
1960;Colorado;1960
1961;Massachusetts;1961
1962;Nevada;1962
1963;Iowa;1963
1964;Michigan;1964
1965;West Virginia;1965
1966;Indiana;1966
1967;Indiana;1967
1968;Georgia;1968
1969;Minnesota;1969
1970;Louisiana;1970
1971;Maryland;1971
1972;Pennsylvania;1972
1973;Louisiana;1973
1974;Maryland;1974
1975;Tennessee;1975
1976;Illinois;1976
1977;Wyoming;1977
1978;Florida;1978
1979;Massachusetts;1979
1980;Tennessee;1980
1981;Iowa;1981
1982;Michigan;1982
1983;Kansas;1983
1984;Georgia;1984
1985;West Virginia;1985
1986;Tennessee;1986
1987;Arkansas;1987
1988;Vermont;1988
1989;Virginia;1989
1990;Maryland;1990
1991;Connecticut;1991
1992;Missouri;1992
1993;New Jersey;1993
1994;Arkansas;1994
1995;Nevada;1995
1996;Missouri;1996
1997;South Dakota;1997
1998;Connecticut;1998
1999;Vermont;1999
2000;Tennessee;2000
2001;California;2001
2002;Wyoming;2002
2003;New York;2003
2004;Maine;2004
2005;Georgia;2005
2006;Tennessee;2006
2007;New Mexico;2007
2008;Virginia;2008
2009;Florida;2009
2010;Alabama;2010
2011;Texas;2011
2012;West Virginia;2012
2013;Nevada;2013
2014;Virginia;2014
2015;Wisconsin;2015
2016;Virginia;2016
2017;Maine;2017
2018;Massachusetts;2018
2019;Arkansas;2019
2020;Idaho;2020
2021;Pennsylvania;2021
2022;Maine;2022
2023;Alabama;2023
2024;Idaho;2024
2025;Arkansas;2025
2026;Delaware;2026
2027;Maine;2027
2028;Nebraska;2028
2029;Ohio;2029
2030;Montana;2030
2031;New Mexico;2031
2032;North Carolina;2032
2033;South Carolina;2033
2034;Illinois;2034
2035;Alabama;2035
2036;Oklahoma;2036
2037;Minnesota;2037
2038;Illinois;2038
2039;Arkansas;2039
2040;Minnesota;2040
2041;South Carolina;2041
2042;New York;2042
2043;Alabama;2043
2044;New York;2044
2045;Missouri;2045
2046;Georgia;2046
2047;Oklahoma;2047
2048;Connecticut;2048
2049;Michigan;2049
2050;Rhode Island;2050
2051;Mississippi;2051
2052;Massachusetts;2052
2053;New Hampshire;2053
2054;Wyoming;2054
2055;New Jersey;2055
2056;Texas;2056
2057;Minnesota;2057
2058;South Dakota;2058
2059;Washington;2059
2060;California;2060
2061;Wisconsin;2061
2062;Michigan;2062
2063;South Carolina;2063
2064;Indiana;2064
2065;Arkansas;2065
2066;Oregon;2066
2067;Illinois;2067
2068;Maryland;2068
2069;Vermont;2069
2070;Texas;2070
2071;Nebraska;2071
2072;South Carolina;2072
2073;Massachusetts;2073
2074;Texas;2074
2075;Florida;2075
2076;South Carolina;2076
2077;Florida;2077
2078;Nebraska;2078
2079;Hawaii;2079
2080;Montana;2080
2081;South Dakota;2081
2082;Alabama;2082
2083;Arkansas;2083
2084;Mississippi;2084
2085;Vermont;2085
2086;New York;2086
2087;North Dakota;2087
2088;Wisconsin;2088
2089;California;2089
2090;Maryland;2090
2091;Massachusetts;2091
2092;Washington;2092
2093;Minnesota;2093
2094;Washington;2094
2095;South Carolina;2095
2096;New Mexico;2096
2097;North Carolina;2097
2098;Iowa;2098
2099;Louisiana;2099
2100;Oklahoma;2100
2101;Michigan;2101
2102;Oregon;2102
2103;Idaho;2103
2104;Indiana;2104
2105;New Mexico;2105
2106;South Carolina;2106
2107;Vermont;2107
2108;Delaware;2108
2109;North Dakota;2109
2110;California;2110
2111;Montana;2111
2112;Missouri;2112
2113;Tennessee;2113
2114;Virginia;2114
2115;Vermont;2115
2116;Rhode Island;2116
2117;Kansas;2117
2118;Colorado;2118
2119;Georgia;2119
2120;Nebraska;2120
2121;Missouri;2121
2122;Alaska;2122
2123;Virginia;2123
2124;Nebraska;2124
2125;Rhode Island;2125
2126;New Hampshire;2126
2127;Alabama;2127
2128;North Carolina;2128
2129;New Mexico;2129
2130;Minnesota;2130
2131;Arizona;2131
2132;Montana;2132
2133;Vermont;2133
2134;Maine;2134
2135;Virginia;2135
2136;California;2136
2137;New York;2137
2138;Indiana;2138
2139;Mississippi;2139
2140;New York;2140
2141;New Mexico;2141
2142;Kentucky;2142
2143;North Dakota;2143
2144;Arkansas;2144
2145;Maryland;2145
2146;Connecticut;2146
2147;Utah;2147
2148;Missouri;2148
2149;Nebraska;2149
2150;Hawaii;2150
2151;Illinois;2151
2152;Vermont;2152
2153;New Jersey;2153
2154;Kentucky;2154
2155;Wyoming;2155
2156;Hawaii;2156
2157;Missouri;2157
2158;Mississippi;2158
2159;Massachusetts;2159
2160;Louisiana;2160
2161;West Virginia;2161
2162;Washington;2162
2163;Oregon;2163
2164;New York;2164
2165;Iowa;2165
2166;Idaho;2166
2167;New Jersey;2167
2168;Ohio;2168
2169;Connecticut;2169
2170;Florida;2170
2171;South Carolina;2171
2172;Missouri;2172
2173;Rhode Island;2173
2174;Delaware;2174
2175;Colorado;2175
2176;Nebraska;2176
2177;Vermont;2177
2178;Montana;2178
2179;Florida;2179
2180;Delaware;2180
2181;Connecticut;2181
2182;Hawaii;2182
2183;New Mexico;2183
2184;Kansas;2184
2185;Nevada;2185
2186;North Carolina;2186
2187;New Mexico;2187
2188;Idaho;2188
2189;California;2189
2190;Wisconsin;2190
2191;Alaska;2191
2192;Pennsylvania;2192
2193;Virginia;2193
2194;California;2194
2195;Kentucky;2195
2196;New York;2196
2197;Vermont;2197
2198;Pennsylvania;2198
2199;New York;2199
2200;North Carolina;2200
2201;Wyoming;2201
2202;Ohio;2202
2203;Alabama;2203
2204;Rhode Island;2204
2205;Oregon;2205
2206;North Dakota;2206
2207;Illinois;2207
2208;New Mexico;2208
2209;Colorado;2209
2210;Utah;2210
2211;Virginia;2211
2212;Maine;2212
2213;Nebraska;2213
2214;Hawaii;2214
2215;Idaho;2215
2216;West Virginia;2216
2217;Vermont;2217
2218;Indiana;2218
2219;Idaho;2219
2220;Minnesota;2220
2221;Wyoming;2221
2222;Kansas;2222
2223;Georgia;2223
2224;Kansas;2224
2225;Nebraska;2225
2226;Washington;2226
2227;Missouri;2227
2228;Washington;2228
2229;Kansas;2229
2230;Minnesota;2230
2231;Colorado;2231
2232;Utah;2232
2233;North Carolina;2233
2234;Florida;2234
2235;New Hampshire;2235
2236;Illinois;2236
2237;Louisiana;2237
2238;Alabama;2238
2239;Florida;2239
2240;Alabama;2240
2241;California;2241
2242;Maryland;2242
2243;Nevada;2243
2244;Massachusetts;2244
2245;South Carolina;2245
2246;Delaware;2246
2247;Hawaii;2247
2248;Florida;2248
2249;Rhode Island;2249
2250;Wyoming;2250
2251;Colorado;2251
2252;Virginia;2252
2253;Nebraska;2253
2254;Oklahoma;2254
2255;North Dakota;2255
2256;Michigan;2256
2257;California;2257
2258;Tennessee;2258
2259;Ohio;2259
2260;Florida;2260
2261;Missouri;2261
2262;South Carolina;2262
2263;Arizona;2263
2264;Indiana;2264
2265;North Dakota;2265
2266;Montana;2266
2267;Missouri;2267
2268;Kentucky;2268
2269;Georgia;2269
2270;Kentucky;2270
2271;Georgia;2271
2272;Alaska;2272
2273;Maine;2273
2274;New Mexico;2274
2275;New York;2275
2276;Oklahoma;2276
2277;Wyoming;2277
2278;Alabama;2278
2279;Maryland;2279
2280;West Virginia;2280
2281;Kentucky;2281
2282;Kansas;2282
2283;Idaho;2283
2284;Ohio;2284
2285;Iowa;2285
2286;Michigan;2286
2287;South Dakota;2287
2288;Nebraska;2288
2289;California;2289
2290;Nevada;2290
2291;Kansas;2291
2292;Ohio;2292
2293;Vermont;2293
2294;Georgia;2294
2295;Maryland;2295
2296;Connecticut;2296
2297;Washington;2297
2298;California;2298
2299;Montana;2299
2300;Idaho;2300
2301;Pennsylvania;2301
2302;Maine;2302
2303;Montana;2303
2304;New Jersey;2304
2305;Louisiana;2305
2306;Maine;2306
2307;Florida;2307
2308;Missouri;2308
2309;North Dakota;2309
2310;Connecticut;2310
2311;Virginia;2311
2312;Montana;2312
2313;Vermont;2313
2314;Georgia;2314
2315;Virginia;2315
2316;Vermont;2316
2317;Montana;2317
2318;New Jersey;2318
2319;Wyoming;2319
2320;Maine;2320
2321;New Mexico;2321
2322;Colorado;2322
2323;Connecticut;2323
2324;Maryland;2324
2325;Oregon;2325
2326;New York;2326
2327;Oklahoma;2327
2328;Alabama;2328
2329;North Dakota;2329
2330;Nebraska;2330
2331;Arizona;2331
2332;Illinois;2332
2333;South Carolina;2333
2334;Kansas;2334
2335;Kansas;2335
2336;Idaho;2336
2337;California;2337
2338;North Dakota;2338
2339;Georgia;2339
2340;Illinois;2340
2341;Delaware;2341
2342;Connecticut;2342
2343;Tennessee;2343
2344;Maryland;2344
2345;Rhode Island;2345
2346;New York;2346
2347;New Mexico;2347
2348;California;2348
2349;Maine;2349
2350;New York;2350
2351;Hawaii;2351
2352;New Hampshire;2352
2353;Nebraska;2353
2354;Montana;2354
2355;Wisconsin;2355
2356;Tennessee;2356
2357;Montana;2357
2358;Michigan;2358
2359;Texas;2359
2360;Pennsylvania;2360
2361;New York;2361
2362;Alabama;2362
2363;Virginia;2363
2364;Pennsylvania;2364
2365;Mississippi;2365
2366;Wyoming;2366
2367;New Mexico;2367
2368;North Dakota;2368
2369;New Jersey;2369
2370;Vermont;2370
2371;Alaska;2371
2372;Indiana;2372
2373;Alabama;2373
2374;Michigan;2374
2375;Washington;2375
2376;Virginia;2376
2377;Tennessee;2377
2378;South Dakota;2378
2379;New Hampshire;2379
2380;South Dakota;2380
2381;Pennsylvania;2381
2382;Wisconsin;2382
2383;California;2383
2384;Rhode Island;2384
2385;Alabama;2385
2386;Oklahoma;2386
2387;Illinois;2387
2388;Tennessee;2388
2389;Alabama;2389
2390;Kansas;2390
2391;Arizona;2391
2392;Michigan;2392
2393;Missouri;2393
2394;Louisiana;2394
2395;Connecticut;2395
2396;Connecticut;2396
2397;Oregon;2397
2398;West Virginia;2398
2399;Florida;2399
2400;New Hampshire;2400
2401;Oregon;2401
2402;Oregon;2402
2403;Utah;2403
2404;Missouri;2404
2405;West Virginia;2405
2406;California;2406
2407;California;2407
2408;Illinois;2408
2409;Hawaii;2409
2410;Washington;2410
2411;Wisconsin;2411
2412;Virginia;2412
2413;Oregon;2413
2414;Pennsylvania;2414
2415;Virginia;2415
2416;Hawaii;2416
2417;Nebraska;2417
2418;Alaska;2418
2419;Michigan;2419
2420;North Carolina;2420
2421;North Carolina;2421
2422;Minnesota;2422
2423;Georgia;2423
2424;West Virginia;2424
2425;Delaware;2425
2426;North Dakota;2426
2427;Florida;2427
2428;Oregon;2428
2429;Idaho;2429
2430;Virginia;2430
2431;North Dakota;2431
2432;Alabama;2432
2433;Hawaii;2433
2434;Oregon;2434
2435;Utah;2435
2436;Hawaii;2436
2437;Connecticut;2437
2438;Wyoming;2438
2439;Delaware;2439
2440;Arkansas;2440
2441;Indiana;2441
2442;California;2442
2443;Wyoming;2443
2444;South Dakota;2444
2445;West Virginia;2445
2446;Tennessee;2446
2447;Alaska;2447
2448;South Dakota;2448
2449;Tennessee;2449
2450;Alabama;2450
2451;North Carolina;2451
2452;Oklahoma;2452
2453;New York;2453
2454;Iowa;2454
2455;Alaska;2455
2456;Alaska;2456
2457;Nebraska;2457
2458;Delaware;2458
2459;Texas;2459
2460;Missouri;2460
2461;Maine;2461
2462;Pennsylvania;2462
2463;Missouri;2463
2464;Mississippi;2464
2465;Hawaii;2465
2466;Texas;2466
2467;South Dakota;2467
2468;New Jersey;2468
2469;Connecticut;2469
2470;Maryland;2470
2471;Arizona;2471
2472;Oklahoma;2472
2473;Utah;2473
2474;Arkansas;2474
2475;North Carolina;2475
2476;California;2476
2477;Colorado;2477
2478;California;2478
2479;Vermont;2479
2480;Kansas;2480
2481;Ohio;2481
2482;New Jersey;2482
2483;Arizona;2483
2484;Arizona;2484
2485;New Hampshire;2485
2486;Louisiana;2486
2487;Texas;2487
2488;Montana;2488
2489;New Hampshire;2489
2490;South Dakota;2490
2491;Montana;2491
2492;North Carolina;2492
2493;South Dakota;2493
2494;Maine;2494
2495;Oklahoma;2495
2496;Nebraska;2496
2497;Illinois;2497
2498;Colorado;2498
2499;Massachusetts;2499
2500;Louisiana;2500
2501;Massachusetts;2501
2502;West Virginia;2502
2503;Idaho;2503
2504;Ohio;2504
2505;Rhode Island;2505
2506;Illinois;2506
2507;New York;2507
2508;Louisiana;2508
2509;California;2509
2510;Washington;2510
2511;South Dakota;2511
2512;Idaho;2512
2513;North Dakota;2513
2514;Washington;2514
2515;Alaska;2515
2516;Kansas;2516
2517;Utah;2517
2518;Wyoming;2518
2519;Maine;2519
2520;Michigan;2520
2521;Illinois;2521
2522;Minnesota;2522
2523;Massachusetts;2523
2524;New Jersey;2524
2525;Kansas;2525
2526;Kentucky;2526
2527;Rhode Island;2527
2528;Illinois;2528
2529;Alabama;2529
2530;Tennessee;2530
2531;Massachusetts;2531
2532;Texas;2532
2533;Nebraska;2533
2534;Pennsylvania;2534
2535;Virginia;2535
2536;Vermont;2536
2537;Oklahoma;2537
2538;Maine;2538
2539;New Jersey;2539
2540;Massachusetts;2540
2541;New Jersey;2541
2542;Washington;2542
2543;Arkansas;2543
2544;West Virginia;2544
2545;Delaware;2545
2546;Texas;2546
2547;Texas;2547
2548;Mississippi;2548
2549;Texas;2549
2550;Virginia;2550
2551;New Hampshire;2551
2552;Minnesota;2552
2553;Maryland;2553
2554;Vermont;2554
2555;Kansas;2555
2556;Idaho;2556
2557;Montana;2557
2558;Oklahoma;2558
2559;California;2559
2560;Mississippi;2560
2561;California;2561
2562;New York;2562
2563;Arizona;2563
2564;Massachusetts;2564
2565;Kentucky;2565
2566;Vermont;2566
2567;Missouri;2567
2568;Michigan;2568
2569;Texas;2569
2570;New York;2570
2571;New Mexico;2571
2572;Mississippi;2572
2573;Washington;2573
2574;New Mexico;2574
2575;Florida;2575
2576;Minnesota;2576
2577;New Hampshire;2577
2578;Minnesota;2578
2579;Vermont;2579
2580;Minnesota;2580
2581;Massachusetts;2581
2582;Wyoming;2582
2583;South Dakota;2583
2584;Oklahoma;2584
2585;Florida;2585
2586;Wisconsin;2586
2587;Maine;2587
2588;Connecticut;2588
2589;Delaware;2589
2590;North Dakota;2590
2591;California;2591
2592;New Mexico;2592
2593;Iowa;2593
2594;Colorado;2594
2595;Montana;2595
2596;Iowa;2596
2597;Louisiana;2597
2598;Alabama;2598
2599;Nevada;2599
2600;Vermont;2600
2601;New York;2601
2602;Mississippi;2602
2603;South Carolina;2603
2604;Washington;2604
2605;Colorado;2605
2606;Nevada;2606
2607;Nevada;2607
2608;Oklahoma;2608
2609;Mississippi;2609
2610;Arkansas;2610
2611;West Virginia;2611
2612;Michigan;2612
2613;Louisiana;2613
2614;South Dakota;2614
2615;North Dakota;2615
2616;Arizona;2616
2617;Georgia;2617
2618;Idaho;2618
2619;Louisiana;2619
2620;Connecticut;2620
2621;Ohio;2621
2622;Maine;2622
2623;New Hampshire;2623
2624;Massachusetts;2624
2625;South Dakota;2625
2626;Colorado;2626
2627;Rhode Island;2627
2628;Missouri;2628
2629;Wyoming;2629
2630;New Hampshire;2630
2631;Maine;2631
2632;Connecticut;2632
2633;Alaska;2633
2634;Alaska;2634
2635;North Carolina;2635
2636;Colorado;2636
2637;Utah;2637
2638;Alabama;2638
2639;Hawaii;2639
2640;New Hampshire;2640
2641;Indiana;2641
2642;Vermont;2642
2643;Iowa;2643
2644;Maryland;2644
2645;New Mexico;2645
2646;Louisiana;2646
2647;New Mexico;2647
2648;South Carolina;2648
2649;Illinois;2649
2650;Minnesota;2650
2651;Oregon;2651
2652;Tennessee;2652
2653;Maryland;2653
2654;Wisconsin;2654
2655;Idaho;2655
2656;Wyoming;2656
2657;Indiana;2657
2658;Texas;2658
2659;Ohio;2659
2660;Kansas;2660
2661;South Carolina;2661
2662;Michigan;2662
2663;Nebraska;2663
2664;Wisconsin;2664
2665;Illinois;2665
2666;Louisiana;2666
2667;Ohio;2667
2668;Maryland;2668
2669;Texas;2669
2670;Illinois;2670
2671;Pennsylvania;2671
2672;Alabama;2672
2673;West Virginia;2673
2674;Nevada;2674
2675;Florida;2675
2676;Virginia;2676
2677;Kentucky;2677
2678;Connecticut;2678
2679;Montana;2679
2680;Montana;2680
2681;Nebraska;2681
2682;Massachusetts;2682
2683;North Carolina;2683
2684;Montana;2684
2685;Washington;2685
2686;Virginia;2686
2687;Georgia;2687
2688;Delaware;2688
2689;West Virginia;2689
2690;Wyoming;2690
2691;New Mexico;2691
2692;Nebraska;2692
2693;Washington;2693
2694;Hawaii;2694
2695;Louisiana;2695
2696;Tennessee;2696
2697;South Dakota;2697
2698;Delaware;2698
2699;Virginia;2699
2700;Utah;2700
2701;California;2701
2702;Idaho;2702
2703;Texas;2703
2704;Tennessee;2704
2705;Tennessee;2705
2706;Washington;2706
2707;Alabama;2707
2708;Nebraska;2708
2709;Alabama;2709
2710;Illinois;2710
2711;Wisconsin;2711
2712;Nebraska;2712
2713;North Dakota;2713
2714;Mississippi;2714
2715;Iowa;2715
2716;Mississippi;2716
2717;Colorado;2717
2718;Nebraska;2718
2719;Virginia;2719
2720;Louisiana;2720
2721;Maryland;2721
2722;Minnesota;2722
2723;Maine;2723
2724;Texas;2724
2725;Missouri;2725
2726;Mississippi;2726
2727;Michigan;2727
2728;Colorado;2728
2729;Florida;2729
2730;Montana;2730
2731;Wisconsin;2731
2732;Wisconsin;2732
2733;Delaware;2733
2734;North Carolina;2734
2735;New York;2735
2736;California;2736
2737;Montana;2737
2738;North Carolina;2738
2739;Ohio;2739
2740;Alaska;2740
2741;Pennsylvania;2741
2742;Maine;2742
2743;Texas;2743
2744;New Jersey;2744
2745;Wyoming;2745
2746;Michigan;2746
2747;Ohio;2747
2748;West Virginia;2748
2749;Virginia;2749
2750;Vermont;2750
2751;Alaska;2751
2752;Minnesota;2752
2753;Colorado;2753
2754;Rhode Island;2754
2755;New Jersey;2755
2756;Nevada;2756
2757;Minnesota;2757
2758;Delaware;2758
2759;Illinois;2759
2760;Washington;2760
2761;Alaska;2761
2762;Michigan;2762
2763;Georgia;2763
2764;West Virginia;2764
2765;Arizona;2765
2766;Colorado;2766
2767;Tennessee;2767
2768;Iowa;2768
2769;Kansas;2769
2770;Oklahoma;2770
2771;Nebraska;2771
2772;Maryland;2772
2773;Pennsylvania;2773
2774;Arizona;2774
2775;Oklahoma;2775
2776;Montana;2776
2777;Wyoming;2777
2778;Idaho;2778
2779;Pennsylvania;2779
2780;Montana;2780
2781;Ohio;2781
2782;Mississippi;2782
2783;Idaho;2783
2784;Virginia;2784
2785;Idaho;2785
2786;Louisiana;2786
2787;Colorado;2787
2788;West Virginia;2788
2789;Rhode Island;2789
2790;North Carolina;2790
2791;Maine;2791
2792;Iowa;2792
2793;Kentucky;2793
2794;Massachusetts;2794
2795;New York;2795
2796;Nebraska;2796
2797;Oklahoma;2797
2798;Oklahoma;2798
2799;Rhode Island;2799
2800;Maine;2800
2801;Arkansas;2801
2802;New Mexico;2802
2803;Hawaii;2803
2804;Idaho;2804
2805;South Carolina;2805
2806;Nevada;2806
2807;South Carolina;2807
2808;Maryland;2808
2809;Tennessee;2809
2810;Arkansas;2810
2811;Arizona;2811
2812;Ohio;2812
2813;North Dakota;2813
2814;Vermont;2814
2815;Minnesota;2815
2816;Idaho;2816
2817;Maryland;2817
2818;South Carolina;2818
2819;California;2819
2820;Georgia;2820
2821;Vermont;2821
2822;Georgia;2822
2823;New Jersey;2823
2824;Utah;2824
2825;Utah;2825
2826;North Carolina;2826
2827;Florida;2827
2828;Wisconsin;2828
2829;Tennessee;2829
2830;Arizona;2830
2831;Oregon;2831
2832;Virginia;2832
2833;Maryland;2833
2834;Arkansas;2834
2835;Texas;2835
2836;Vermont;2836
2837;Wyoming;2837
2838;Alabama;2838
2839;Maine;2839
2840;South Dakota;2840
2841;West Virginia;2841
2842;Ohio;2842
2843;Arizona;2843
2844;Ohio;2844
2845;New Mexico;2845
2846;South Dakota;2846
2847;Oklahoma;2847
2848;Connecticut;2848
2849;Wisconsin;2849
2850;New Hampshire;2850
2851;Nebraska;2851
2852;Nevada;2852
2853;New York;2853
2854;Pennsylvania;2854
2855;Delaware;2855
2856;Mississippi;2856
2857;Iowa;2857
2858;Utah;2858
2859;Maryland;2859
2860;Utah;2860
2861;Rhode Island;2861
2862;Maryland;2862
2863;Hawaii;2863
2864;Connecticut;2864
2865;Illinois;2865
2866;California;2866
2867;Connecticut;2867
2868;Colorado;2868
2869;Colorado;2869
2870;Georgia;2870
2871;North Dakota;2871
2872;Idaho;2872
2873;Connecticut;2873
2874;Montana;2874
2875;Colorado;2875
2876;Kentucky;2876
2877;New Mexico;2877
2878;New Jersey;2878
2879;California;2879
2880;North Dakota;2880
2881;Florida;2881
2882;Texas;2882
2883;Oklahoma;2883
2884;Rhode Island;2884
2885;Arkansas;2885
2886;Nevada;2886
2887;Utah;2887
2888;Kentucky;2888
2889;Wisconsin;2889
2890;Minnesota;2890
2891;North Dakota;2891
2892;Ohio;2892
2893;Nevada;2893
2894;Kentucky;2894
2895;Kentucky;2895
2896;Montana;2896
2897;Delaware;2897
2898;Montana;2898
2899;New Jersey;2899
2900;Nebraska;2900
2901;Maryland;2901
2902;Alabama;2902
2903;North Carolina;2903
2904;Delaware;2904
2905;Iowa;2905
2906;New York;2906
2907;Virginia;2907
2908;Maryland;2908
2909;Texas;2909
2910;Louisiana;2910
2911;Mississippi;2911
2912;Ohio;2912
2913;Oregon;2913
2914;Wyoming;2914
2915;Pennsylvania;2915
2916;Oregon;2916
2917;Oklahoma;2917
2918;Colorado;2918
2919;New York;2919
2920;Minnesota;2920
2921;Texas;2921
2922;Wisconsin;2922
2923;Kentucky;2923
2924;Pennsylvania;2924
2925;Rhode Island;2925
2926;Illinois;2926
2927;Maryland;2927
2928;Missouri;2928
2929;Alabama;2929
2930;Maine;2930
2931;Mississippi;2931
2932;Alabama;2932
2933;Alaska;2933
2934;Illinois;2934
2935;Idaho;2935
2936;North Carolina;2936
2937;Washington;2937
2938;West Virginia;2938
2939;Maine;2939
2940;Kentucky;2940
2941;Massachusetts;2941
2942;Pennsylvania;2942
2943;Hawaii;2943
2944;Virginia;2944
2945;New York;2945
2946;Delaware;2946
2947;Hawaii;2947
2948;Nebraska;2948
2949;Vermont;2949
2950;Iowa;2950
2951;Iowa;2951
2952;Arkansas;2952
2953;Alabama;2953
2954;Maryland;2954
2955;South Dakota;2955
2956;Vermont;2956
2957;Montana;2957
2958;South Dakota;2958
2959;Ohio;2959
2960;Texas;2960
2961;Indiana;2961
2962;New Hampshire;2962
2963;California;2963
2964;Maine;2964
2965;Ohio;2965
2966;Delaware;2966
2967;Oklahoma;2967
2968;Indiana;2968
2969;South Carolina;2969
2970;Vermont;2970
2971;Kansas;2971
2972;Utah;2972
2973;New York;2973
2974;Indiana;2974
2975;Tennessee;2975
2976;Georgia;2976
2977;Nebraska;2977
2978;Washington;2978
2979;Idaho;2979
2980;Louisiana;2980
2981;New Jersey;2981
2982;Delaware;2982
2983;Wisconsin;2983
2984;West Virginia;2984
2985;Texas;2985
2986;Hawaii;2986
2987;Arizona;2987
2988;Louisiana;2988
2989;Nevada;2989
2990;Rhode Island;2990
2991;Illinois;2991
2992;Utah;2992
2993;North Dakota;2993
2994;Kansas;2994
2995;Nevada;2995
2996;Virginia;2996
2997;Utah;2997
2998;Idaho;2998
2999;Alaska;2999
3000;New Hampshire;3000
3001;Ohio;3001
3002;Montana;3002
3003;Louisiana;3003
3004;Oregon;3004
3005;Arizona;3005
3006;Alaska;3006
3007;Utah;3007
3008;New York;3008
3009;New Mexico;3009
3010;Louisiana;3010
3011;Ohio;3011
3012;Nevada;3012
3013;Idaho;3013
3014;Arizona;3014
3015;Utah;3015
3016;Wyoming;3016
3017;Indiana;3017
3018;Wisconsin;3018
3019;Texas;3019
3020;Utah;3020
3021;Arkansas;3021
3022;Pennsylvania;3022
3023;Georgia;3023
3024;Indiana;3024
3025;Idaho;3025
3026;Montana;3026
3027;Tennessee;3027
3028;West Virginia;3028
3029;California;3029
3030;Georgia;3030
3031;Maryland;3031
3032;Idaho;3032
3033;California;3033
3034;Alabama;3034
3035;Utah;3035
3036;Kentucky;3036
3037;Vermont;3037
3038;Iowa;3038
3039;Georgia;3039
3040;Alabama;3040
3041;Nebraska;3041
3042;Rhode Island;3042
3043;South Dakota;3043
3044;Illinois;3044
3045;North Carolina;3045
3046;Florida;3046
3047;Pennsylvania;3047
3048;Vermont;3048
3049;Colorado;3049
3050;Utah;3050
3051;Kentucky;3051
3052;Wyoming;3052
3053;Maine;3053
3054;Maine;3054
3055;New Hampshire;3055
3056;Kansas;3056
3057;New Jersey;3057
3058;North Carolina;3058
3059;West Virginia;3059
3060;Kentucky;3060
3061;California;3061
3062;South Dakota;3062
3063;California;3063
3064;Connecticut;3064
3065;Idaho;3065
3066;North Dakota;3066
3067;Michigan;3067
3068;Missouri;3068
3069;California;3069
3070;Delaware;3070
3071;Alabama;3071
3072;New Hampshire;3072
3073;New York;3073
3074;Oregon;3074
3075;Massachusetts;3075
3076;Utah;3076
3077;New Hampshire;3077
3078;Illinois;3078
3079;Alaska;3079
3080;Wyoming;3080
3081;Colorado;3081
3082;Vermont;3082
3083;Utah;3083
3084;Illinois;3084
3085;Idaho;3085
3086;Nevada;3086
3087;Utah;3087
3088;North Carolina;3088
3089;Arkansas;3089
3090;North Carolina;3090
3091;Texas;3091
3092;Nevada;3092
3093;Utah;3093
3094;Pennsylvania;3094
3095;Georgia;3095
3096;Minnesota;3096
3097;Kansas;3097
3098;Delaware;3098
3099;New Mexico;3099
3100;Michigan;3100
3101;Vermont;3101
3102;Idaho;3102
3103;South Dakota;3103
3104;Illinois;3104
3105;Georgia;3105
3106;Oregon;3106
3107;Alabama;3107
3108;Hawaii;3108
3109;Oregon;3109
3110;Illinois;3110
3111;Texas;3111
3112;Kansas;3112
3113;Texas;3113
3114;Nebraska;3114
3115;Arkansas;3115
3116;South Dakota;3116
3117;Montana;3117
3118;Florida;3118
3119;Virginia;3119
3120;Louisiana;3120
3121;Louisiana;3121
3122;Louisiana;3122
3123;Georgia;3123
3124;Iowa;3124
3125;California;3125
3126;Oregon;3126
3127;Maine;3127
3128;Louisiana;3128
3129;Arkansas;3129
3130;Maryland;3130
3131;Vermont;3131
3132;North Dakota;3132
3133;Michigan;3133
3134;Arkansas;3134
3135;Kentucky;3135
3136;Indiana;3136
3137;Minnesota;3137
3138;Louisiana;3138
3139;Kentucky;3139
3140;Georgia;3140
3141;Alaska;3141
3142;Mississippi;3142
3143;Kansas;3143
3144;Arizona;3144
3145;Maine;3145
3146;Texas;3146
3147;Virginia;3147
3148;North Dakota;3148
3149;West Virginia;3149
3150;North Carolina;3150
3151;Georgia;3151
3152;New Mexico;3152
3153;North Carolina;3153
3154;Alabama;3154
3155;Connecticut;3155
3156;Montana;3156
3157;Montana;3157
3158;Maine;3158
3159;Mississippi;3159
3160;Louisiana;3160
3161;Nebraska;3161
3162;Massachusetts;3162
3163;Wisconsin;3163
3164;Nebraska;3164
3165;Arizona;3165
3166;Hawaii;3166
3167;Georgia;3167
3168;Oregon;3168
3169;Montana;3169
3170;Georgia;3170
3171;Rhode Island;3171
3172;Tennessee;3172
3173;Missouri;3173
3174;Washington;3174
3175;Oklahoma;3175
3176;Connecticut;3176
3177;Arkansas;3177
3178;Missouri;3178
3179;Washington;3179
3180;Idaho;3180
3181;Montana;3181
3182;Montana;3182
3183;Georgia;3183
3184;Mississippi;3184
3185;Hawaii;3185
3186;Ohio;3186
3187;Virginia;3187
3188;Texas;3188
3189;Vermont;3189
3190;Kansas;3190
3191;California;3191
3192;Mississippi;3192
3193;Iowa;3193
3194;Virginia;3194
3195;Maryland;3195
3196;Missouri;3196
3197;Wisconsin;3197
3198;Maine;3198
3199;Pennsylvania;3199
3200;Maine;3200
3201;Missouri;3201
3202;Vermont;3202
3203;Wisconsin;3203
3204;New Jersey;3204
3205;New Mexico;3205
3206;Colorado;3206
3207;California;3207
3208;Arizona;3208
3209;Indiana;3209
3210;Arkansas;3210
3211;Nevada;3211
3212;Rhode Island;3212
3213;Wyoming;3213
3214;Texas;3214
3215;Washington;3215
3216;Rhode Island;3216
3217;Illinois;3217
3218;Oregon;3218
3219;Florida;3219
3220;Kansas;3220
3221;North Dakota;3221
3222;New Hampshire;3222
3223;Texas;3223
3224;Montana;3224
3225;Delaware;3225
3226;New Hampshire;3226
3227;Minnesota;3227
3228;Alaska;3228
3229;Connecticut;3229
3230;Connecticut;3230
3231;Kansas;3231
3232;Nevada;3232
3233;Massachusetts;3233
3234;Indiana;3234
3235;Washington;3235
3236;Kansas;3236
3237;South Carolina;3237
3238;Vermont;3238
3239;Wyoming;3239
3240;Colorado;3240
3241;West Virginia;3241
3242;Connecticut;3242
3243;Oregon;3243
3244;Idaho;3244
3245;Arkansas;3245
3246;Kansas;3246
3247;Michigan;3247
3248;Arkansas;3248
3249;Pennsylvania;3249
3250;Virginia;3250
3251;Minnesota;3251
3252;Nevada;3252
3253;Montana;3253
3254;Nebraska;3254
3255;Indiana;3255
3256;New Jersey;3256
3257;Wisconsin;3257
3258;Minnesota;3258
3259;New Jersey;3259
3260;Oklahoma;3260
3261;Wisconsin;3261
3262;Rhode Island;3262
3263;Indiana;3263
3264;Vermont;3264
3265;Maine;3265
3266;Alabama;3266
3267;Alabama;3267
3268;Idaho;3268
3269;Arkansas;3269
3270;Ohio;3270
3271;Illinois;3271
3272;Nevada;3272
3273;Texas;3273
3274;Nevada;3274
3275;Oklahoma;3275
3276;Alabama;3276
3277;South Dakota;3277
3278;Texas;3278
3279;Montana;3279
3280;Wyoming;3280
3281;New York;3281
3282;Oregon;3282
3283;California;3283
3284;North Carolina;3284
3285;Kentucky;3285
3286;Hawaii;3286
3287;Illinois;3287
3288;West Virginia;3288
3289;South Carolina;3289
3290;Montana;3290
3291;North Dakota;3291
3292;New Mexico;3292
3293;Missouri;3293
3294;West Virginia;3294
3295;South Carolina;3295
3296;West Virginia;3296
3297;Alaska;3297
3298;West Virginia;3298
3299;New Mexico;3299
3300;South Dakota;3300
3301;Oklahoma;3301
3302;Oklahoma;3302
3303;Alabama;3303
3304;Mississippi;3304
3305;Mississippi;3305
3306;Nebraska;3306
3307;Colorado;3307
3308;Pennsylvania;3308
3309;Utah;3309
3310;Massachusetts;3310
3311;Iowa;3311
3312;Florida;3312
3313;Louisiana;3313
3314;Kansas;3314
3315;Kansas;3315
3316;Kentucky;3316
3317;New Mexico;3317
3318;North Carolina;3318
3319;North Dakota;3319
3320;North Dakota;3320
3321;Illinois;3321
3322;Maine;3322
3323;Indiana;3323
3324;North Dakota;3324
3325;Missouri;3325
3326;Alaska;3326
3327;North Dakota;3327
3328;Connecticut;3328
3329;Wisconsin;3329
3330;New Jersey;3330
3331;Missouri;3331
3332;California;3332
3333;Washington;3333
3334;Minnesota;3334
3335;California;3335
3336;Texas;3336
3337;Montana;3337
3338;Arizona;3338
3339;Minnesota;3339
3340;Nebraska;3340
3341;Virginia;3341
3342;Connecticut;3342
3343;New Jersey;3343
3344;Kentucky;3344
3345;Washington;3345
3346;Florida;3346
3347;Oklahoma;3347
3348;Iowa;3348
3349;New Hampshire;3349
3350;Georgia;3350
3351;Mississippi;3351
3352;New Hampshire;3352
3353;Washington;3353
3354;Ohio;3354
3355;Maryland;3355
3356;Delaware;3356
3357;Tennessee;3357
3358;Arkansas;3358
3359;Tennessee;3359
3360;New Hampshire;3360
3361;Minnesota;3361
3362;Florida;3362
3363;Tennessee;3363
3364;California;3364
3365;Oregon;3365
3366;Tennessee;3366
3367;North Carolina;3367
3368;Tennessee;3368
3369;Nebraska;3369
3370;Maine;3370
3371;Illinois;3371
3372;Colorado;3372
3373;Pennsylvania;3373
3374;Minnesota;3374
3375;Nevada;3375
3376;Connecticut;3376
3377;Ohio;3377
3378;Kentucky;3378
3379;Minnesota;3379
3380;Tennessee;3380
3381;North Dakota;3381
3382;Minnesota;3382
3383;Nebraska;3383
3384;Delaware;3384
3385;Minnesota;3385
3386;Rhode Island;3386
3387;Michigan;3387
3388;New Jersey;3388
3389;South Dakota;3389
3390;North Carolina;3390
3391;Oregon;3391
3392;Montana;3392
3393;New Jersey;3393
3394;Arizona;3394
3395;Vermont;3395
3396;Colorado;3396
3397;Tennessee;3397
3398;New Jersey;3398
3399;Montana;3399
3400;Montana;3400
3401;Nevada;3401
3402;Nevada;3402
3403;Louisiana;3403
3404;Illinois;3404
3405;South Carolina;3405
3406;Washington;3406
3407;Nebraska;3407
3408;Alabama;3408
3409;Montana;3409
3410;Minnesota;3410
3411;Ohio;3411
3412;New York;3412
3413;Indiana;3413
3414;Delaware;3414
3415;Connecticut;3415
3416;New York;3416
3417;Alabama;3417
3418;Massachusetts;3418
3419;South Carolina;3419
3420;West Virginia;3420
3421;Kentucky;3421
3422;New Jersey;3422
3423;New York;3423
3424;Massachusetts;3424
3425;Florida;3425
3426;Michigan;3426
3427;Oregon;3427
3428;Michigan;3428
3429;Washington;3429
3430;Alaska;3430
3431;Montana;3431
3432;New Mexico;3432
3433;Connecticut;3433
3434;Alaska;3434
3435;Ohio;3435
3436;Montana;3436
3437;Nebraska;3437
3438;Oklahoma;3438
3439;Kentucky;3439
3440;Idaho;3440
3441;Maryland;3441
3442;Tennessee;3442
3443;Michigan;3443
3444;Tennessee;3444
3445;Rhode Island;3445
3446;Florida;3446
3447;Louisiana;3447
3448;Arkansas;3448
3449;Kentucky;3449
3450;Kansas;3450
3451;Vermont;3451
3452;Nevada;3452
3453;Oklahoma;3453
3454;Alabama;3454
3455;Louisiana;3455
3456;Ohio;3456
3457;Texas;3457
3458;Maryland;3458
3459;West Virginia;3459
3460;Ohio;3460
3461;Indiana;3461
3462;Wyoming;3462
3463;Michigan;3463
3464;Maine;3464
3465;Utah;3465
3466;Iowa;3466
3467;Maryland;3467
3468;Texas;3468
3469;Ohio;3469
3470;North Dakota;3470
3471;West Virginia;3471
3472;North Carolina;3472
3473;Georgia;3473
3474;Kansas;3474
3475;Maine;3475
3476;South Carolina;3476
3477;South Carolina;3477
3478;Kentucky;3478
3479;Arizona;3479
3480;New York;3480
3481;New Hampshire;3481
3482;Ohio;3482
3483;Hawaii;3483
3484;Texas;3484
3485;Illinois;3485
3486;Massachusetts;3486
3487;North Carolina;3487
3488;West Virginia;3488
3489;Delaware;3489
3490;Idaho;3490
3491;Oregon;3491
3492;Maine;3492
3493;South Dakota;3493
3494;New Mexico;3494
3495;Washington;3495
3496;Georgia;3496
3497;Idaho;3497
3498;Colorado;3498
3499;Kentucky;3499
3500;New Jersey;3500
3501;Oregon;3501
3502;Nebraska;3502
3503;Massachusetts;3503
3504;Nebraska;3504
3505;Hawaii;3505
3506;Indiana;3506
3507;Illinois;3507
3508;Colorado;3508
3509;Pennsylvania;3509
3510;Ohio;3510
3511;Pennsylvania;3511
3512;Mississippi;3512
3513;Kentucky;3513
3514;Alaska;3514
3515;Georgia;3515
3516;South Dakota;3516
3517;South Carolina;3517
3518;Tennessee;3518
3519;Colorado;3519
3520;Wisconsin;3520
3521;Georgia;3521
3522;Maryland;3522
3523;New Jersey;3523
3524;Nevada;3524
3525;Michigan;3525
3526;Wyoming;3526
3527;Massachusetts;3527
3528;Washington;3528
3529;Maine;3529
3530;Montana;3530
3531;Oklahoma;3531
3532;North Dakota;3532
3533;Connecticut;3533
3534;Texas;3534
3535;Delaware;3535
3536;Mississippi;3536
3537;Minnesota;3537
3538;Georgia;3538
3539;Iowa;3539
3540;New York;3540
3541;Nevada;3541
3542;Virginia;3542
3543;Idaho;3543
3544;Colorado;3544
3545;Wisconsin;3545
3546;Connecticut;3546
3547;Kansas;3547
3548;Pennsylvania;3548
3549;Utah;3549
3550;Oregon;3550
3551;West Virginia;3551
3552;Montana;3552
3553;Kentucky;3553
3554;Minnesota;3554
3555;Louisiana;3555
3556;Delaware;3556
3557;Arizona;3557
3558;Nevada;3558
3559;Alaska;3559
3560;Utah;3560
3561;Kansas;3561
3562;North Carolina;3562
3563;Maryland;3563
3564;Maine;3564
3565;Illinois;3565
3566;Pennsylvania;3566
3567;Alaska;3567
3568;New Mexico;3568
3569;Arkansas;3569
3570;Alaska;3570
3571;Louisiana;3571
3572;North Dakota;3572
3573;Rhode Island;3573
3574;Connecticut;3574
3575;New York;3575
3576;Kentucky;3576
3577;Maine;3577
3578;Missouri;3578
3579;Georgia;3579
3580;Arizona;3580
3581;New Hampshire;3581
3582;Georgia;3582
3583;California;3583
3584;Arizona;3584
3585;Florida;3585
3586;New York;3586
3587;Idaho;3587
3588;Virginia;3588
3589;Michigan;3589
3590;New Hampshire;3590
3591;South Dakota;3591
3592;South Dakota;3592
3593;New Jersey;3593
3594;Wyoming;3594
3595;Alabama;3595
3596;South Dakota;3596
3597;South Carolina;3597
3598;New Mexico;3598
3599;Connecticut;3599
3600;Kansas;3600
3601;South Carolina;3601
3602;North Carolina;3602
3603;Wyoming;3603
3604;Louisiana;3604
3605;Louisiana;3605
3606;Alabama;3606
3607;Minnesota;3607
3608;New Mexico;3608
3609;Tennessee;3609
3610;New Mexico;3610
3611;Texas;3611
3612;Washington;3612
3613;Michigan;3613
3614;Minnesota;3614
3615;Delaware;3615
3616;California;3616
3617;Wisconsin;3617
3618;Kentucky;3618
3619;Nevada;3619
3620;North Carolina;3620
3621;Louisiana;3621
3622;New Jersey;3622
3623;Wisconsin;3623
3624;Arkansas;3624
3625;Texas;3625
3626;Illinois;3626
3627;Mississippi;3627
3628;Delaware;3628
3629;Georgia;3629
3630;Kansas;3630
3631;Oklahoma;3631
3632;New Jersey;3632
3633;Utah;3633
3634;Montana;3634
3635;Ohio;3635
3636;Colorado;3636
3637;California;3637
3638;Utah;3638
3639;Kansas;3639
3640;Illinois;3640
3641;Minnesota;3641
3642;New York;3642
3643;Arizona;3643
3644;Tennessee;3644
3645;Arkansas;3645
3646;Colorado;3646
3647;Nevada;3647
3648;Kansas;3648
3649;New York;3649
3650;Minnesota;3650
3651;Ohio;3651
3652;Arizona;3652
3653;Kentucky;3653
3654;Minnesota;3654
3655;Arkansas;3655
3656;Wyoming;3656
3657;North Dakota;3657
3658;Alabama;3658
3659;Mississippi;3659
3660;Illinois;3660
3661;Arkansas;3661
3662;Kansas;3662
3663;Rhode Island;3663
3664;Florida;3664
3665;Missouri;3665
3666;North Carolina;3666
3667;Alabama;3667
3668;Washington;3668
3669;Michigan;3669
3670;Washington;3670
3671;Vermont;3671
3672;Illinois;3672
3673;New York;3673
3674;Rhode Island;3674
3675;Washington;3675
3676;Virginia;3676
3677;Wisconsin;3677
3678;Michigan;3678
3679;Texas;3679
3680;Idaho;3680
3681;Iowa;3681
3682;Connecticut;3682
3683;Wyoming;3683
3684;Mississippi;3684
3685;Pennsylvania;3685
3686;Tennessee;3686
3687;Louisiana;3687
3688;Arkansas;3688
3689;West Virginia;3689
3690;South Carolina;3690
3691;Kansas;3691
3692;Michigan;3692
3693;Alabama;3693
3694;South Dakota;3694
3695;Rhode Island;3695
3696;Florida;3696
3697;Connecticut;3697
3698;Pennsylvania;3698
3699;California;3699
3700;Oklahoma;3700
3701;North Dakota;3701
3702;New Mexico;3702
3703;South Carolina;3703
3704;Michigan;3704
3705;Missouri;3705
3706;Colorado;3706
3707;Kansas;3707
3708;Illinois;3708
3709;South Carolina;3709
3710;Utah;3710
3711;Hawaii;3711
3712;Texas;3712
3713;Oregon;3713
3714;Arizona;3714
3715;New York;3715
3716;Nebraska;3716
3717;Vermont;3717
3718;Maryland;3718
3719;Tennessee;3719
3720;Pennsylvania;3720
3721;South Carolina;3721
3722;Connecticut;3722
3723;Kentucky;3723
3724;Rhode Island;3724
3725;Colorado;3725
3726;Oklahoma;3726
3727;Idaho;3727
3728;Maine;3728
3729;Vermont;3729
3730;Rhode Island;3730
3731;Florida;3731
3732;West Virginia;3732
3733;Indiana;3733
3734;Illinois;3734
3735;California;3735
3736;Massachusetts;3736
3737;Idaho;3737
3738;Kentucky;3738
3739;Delaware;3739
3740;Idaho;3740
3741;Virginia;3741
3742;Arizona;3742
3743;Maryland;3743
3744;Idaho;3744
3745;New Jersey;3745
3746;Washington;3746
3747;Idaho;3747
3748;Rhode Island;3748
3749;Delaware;3749
3750;Alaska;3750
3751;Arizona;3751
3752;Alabama;3752
3753;Washington;3753
3754;Louisiana;3754
3755;Nebraska;3755
3756;Pennsylvania;3756
3757;South Carolina;3757
3758;California;3758
3759;Indiana;3759
3760;Missouri;3760
3761;Connecticut;3761
3762;Nevada;3762
3763;New York;3763
3764;Oklahoma;3764
3765;South Dakota;3765
3766;Missouri;3766
3767;Texas;3767
3768;New York;3768
3769;Vermont;3769
3770;Arizona;3770
3771;Montana;3771
3772;Oklahoma;3772
3773;New Hampshire;3773
3774;Wisconsin;3774
3775;Alaska;3775
3776;South Dakota;3776
3777;Alaska;3777
3778;Utah;3778
3779;South Dakota;3779
3780;California;3780
3781;Mississippi;3781
3782;Tennessee;3782
3783;Alabama;3783
3784;Maine;3784
3785;Virginia;3785
3786;New Hampshire;3786
3787;Tennessee;3787
3788;New York;3788
3789;Kansas;3789
3790;North Dakota;3790
3791;Alaska;3791
3792;Texas;3792
3793;Massachusetts;3793
3794;Delaware;3794
3795;South Dakota;3795
3796;Arkansas;3796
3797;Utah;3797
3798;California;3798
3799;Rhode Island;3799
3800;Oklahoma;3800
3801;Vermont;3801
3802;Kentucky;3802
3803;Illinois;3803
3804;Connecticut;3804
3805;Florida;3805
3806;New Jersey;3806
3807;Missouri;3807
3808;Michigan;3808
3809;Washington;3809
3810;New York;3810
3811;Wisconsin;3811
3812;Idaho;3812
3813;Michigan;3813
3814;Georgia;3814
3815;Michigan;3815
3816;Maine;3816
3817;Maryland;3817
3818;Missouri;3818
3819;Oregon;3819
3820;Arkansas;3820
3821;New Hampshire;3821
3822;Oregon;3822
3823;Kansas;3823
3824;California;3824
3825;Georgia;3825
3826;Hawaii;3826
3827;Montana;3827
3828;Montana;3828
3829;Mississippi;3829
3830;Washington;3830
3831;Pennsylvania;3831
3832;Nevada;3832
3833;Kansas;3833
3834;Arizona;3834
3835;Tennessee;3835
3836;Pennsylvania;3836
3837;Alaska;3837
3838;New Mexico;3838
3839;Rhode Island;3839
3840;Connecticut;3840
3841;Idaho;3841
3842;Mississippi;3842
3843;Colorado;3843
3844;Georgia;3844
3845;Montana;3845
3846;California;3846
3847;Pennsylvania;3847
3848;Delaware;3848
3849;New Hampshire;3849
3850;Florida;3850
3851;Mississippi;3851
3852;Montana;3852
3853;Mississippi;3853
3854;Tennessee;3854
3855;Florida;3855
3856;Illinois;3856
3857;Virginia;3857
3858;Texas;3858
3859;Missouri;3859
3860;Mississippi;3860
3861;Pennsylvania;3861
3862;Wyoming;3862
3863;Idaho;3863
3864;New Hampshire;3864
3865;Wyoming;3865
3866;Nebraska;3866
3867;Alaska;3867
3868;Maryland;3868
3869;Maryland;3869
3870;Arizona;3870
3871;Ohio;3871
3872;Minnesota;3872
3873;New Hampshire;3873
3874;Louisiana;3874
3875;Nevada;3875
3876;New Hampshire;3876
3877;Wisconsin;3877
3878;Nevada;3878
3879;South Carolina;3879
3880;Florida;3880
3881;Massachusetts;3881
3882;Georgia;3882
3883;North Dakota;3883
3884;North Dakota;3884
3885;Maryland;3885
3886;New Mexico;3886
3887;Iowa;3887
3888;Kansas;3888
3889;Virginia;3889
3890;Alaska;3890
3891;Nebraska;3891
3892;Colorado;3892
3893;Michigan;3893
3894;Massachusetts;3894
3895;Connecticut;3895
3896;Virginia;3896
3897;Iowa;3897
3898;New Jersey;3898
3899;Minnesota;3899
3900;California;3900
